Datetime Combination
Thursday 2026-01-01 07:00
Thursday 2026-01-01 09:00
Thursday 2026-01-01 12:00
Thursday 2026-01-01 21:00
Friday 2026-01-02 07:00
Friday 2026-01-02 09:00
Friday 2026-01-02 12:00
Friday 2026-01-02 21:00
Saturday 2026-01-03 07:00
Saturday 2026-01-03 09:00
Saturday 2026-01-03 12:00
Saturday 2026-01-03 21:00
Sunday 2026-01-04 07:00
Sunday 2026-01-04 09:00
Sunday 2026-01-04 12:00
Sunday 2026-01-04 21:00
Monday 2026-01-05 07:00
Monday 2026-01-05 09:00
Monday 2026-01-05 12:00
Monday 2026-01-05 21:00
Tuesday 2026-01-06 07:00
Tuesday 2026-01-06 09:00
Tuesday 2026-01-06 12:00
Tuesday 2026-01-06 21:00
Wednesday 2026-01-07 07:00
Wednesday 2026-01-07 09:00
Wednesday 2026-01-07 12:00
Wednesday 2026-01-07 21:00
Thursday 2026-01-08 07:00
Thursday 2026-01-08 09:00
Thursday 2026-01-08 12:00
Thursday 2026-01-08 21:00
Friday 2026-01-09 07:00
Friday 2026-01-09 09:00
Friday 2026-01-09 12:00
Friday 2026-01-09 21:00
Saturday 2026-01-10 07:00
Saturday 2026-01-10 09:00
Saturday 2026-01-10 12:00
Saturday 2026-01-10 21:00
Sunday 2026-01-11 07:00
Sunday 2026-01-11 09:00
Sunday 2026-01-11 12:00
Sunday 2026-01-11 21:00
Monday 2026-01-12 07:00
Monday 2026-01-12 09:00
Monday 2026-01-12 12:00
Monday 2026-01-12 21:00
Tuesday 2026-01-13 07:00
Tuesday 2026-01-13 09:00
Tuesday 2026-01-13 12:00
Tuesday 2026-01-13 21:00
Wednesday 2026-01-14 07:00
Wednesday 2026-01-14 09:00
Wednesday 2026-01-14 12:00
Wednesday 2026-01-14 21:00
Thursday 2026-01-15 07:00
Thursday 2026-01-15 09:00
Thursday 2026-01-15 12:00
Thursday 2026-01-15 21:00
Friday 2026-01-16 07:00
Friday 2026-01-16 09:00
Friday 2026-01-16 12:00
Friday 2026-01-16 21:00
Saturday 2026-01-17 07:00
Saturday 2026-01-17 09:00
Saturday 2026-01-17 12:00
Saturday 2026-01-17 21:00
Sunday 2026-01-18 07:00
Sunday 2026-01-18 09:00
Sunday 2026-01-18 12:00
Sunday 2026-01-18 21:00
Monday 2026-01-19 07:00
Monday 2026-01-19 09:00
Monday 2026-01-19 12:00
Monday 2026-01-19 21:00
Tuesday 2026-01-20 07:00
Tuesday 2026-01-20 09:00
Tuesday 2026-01-20 12:00
Tuesday 2026-01-20 21:00
Wednesday 2026-01-21 07:00
Wednesday 2026-01-21 09:00
Wednesday 2026-01-21 12:00
Wednesday 2026-01-21 21:00
Thursday 2026-01-22 07:00
Thursday 2026-01-22 09:00
Thursday 2026-01-22 12:00
Thursday 2026-01-22 21:00
Friday 2026-01-23 07:00
Friday 2026-01-23 09:00
Friday 2026-01-23 12:00
Friday 2026-01-23 21:00
Saturday 2026-01-24 07:00
Saturday 2026-01-24 09:00
Saturday 2026-01-24 12:00
Saturday 2026-01-24 21:00
Sunday 2026-01-25 07:00
Sunday 2026-01-25 09:00
Sunday 2026-01-25 12:00
Sunday 2026-01-25 21:00
Monday 2026-01-26 07:00
Monday 2026-01-26 09:00
Monday 2026-01-26 12:00
Monday 2026-01-26 21:00
Tuesday 2026-01-27 07:00
Tuesday 2026-01-27 09:00
Tuesday 2026-01-27 12:00
Tuesday 2026-01-27 21:00
Wednesday 2026-01-28 07:00
Wednesday 2026-01-28 09:00
Wednesday 2026-01-28 12:00
Wednesday 2026-01-28 21:00
Thursday 2026-01-29 07:00
Thursday 2026-01-29 09:00
Thursday 2026-01-29 12:00
Thursday 2026-01-29 21:00
Friday 2026-01-30 07:00
Friday 2026-01-30 09:00
Friday 2026-01-30 12:00
Friday 2026-01-30 21:00
Saturday 2026-01-31 07:00
Saturday 2026-01-31 09:00
Saturday 2026-01-31 12:00
Saturday 2026-01-31 21:00
